{
  "assetsByChunkName": {
    "vendors~app-account~app-confirmation~app-order": "chunk.4dc9f73af33afcb94f96.js",
    "vendors~app-account~app-checkout": "chunk.ea273e51d4f0b7208dfe.js",
    "vendors~app-cart~app-checkout": "chunk.1e30077b8f67348d1271.js",
    "admin": [
      "admin.18c826a78fbf27d4cb7f.js",
      "admin.18c826a78fbf27d4cb7f.js.map"
    ],
    "app-account": "chunk.9b3b91e90190e155243b.js",
    "app-cart": "chunk.e1ccc62f066736740ab6.js",
    "app-checkout": "chunk.70506fb507827718a574.js",
    "app-confirmation": "chunk.cbb078904bace089497d.js",
    "checkout": [
      "checkout.20eea05ec3851be9e554.js",
      "checkout.20eea05ec3851be9e554.js.map"
    ],
    "storefront": [
      "storefront.f6d64237ae5151a81225.css",
      "storefront.d078495cd0c0d90fb94f.js",
      "storefront.f6d64237ae5151a81225.css.map",
      "storefront.d078495cd0c0d90fb94f.js.map"
    ],
    "vendors~app-cart": "chunk.f76da60975ec0c64a6fd.js",
    "vendors~app-order": "chunk.8f5b47a0e9c8702c4ab8.js"
  }
}