{
  "marketing_stripe": {
    "text": "🚚 FRETE GRÁTIS EM COMPRAS ACIMA DE R$350,00 PARA AS REGIÕES SUL E SUDESTE VIA TRANSPORTADORA",
    "link": "",
    "background": "#bc5c79",
    "color": "#ffffff"
  },
  "contacts_stripe": {
    "pages": [],
    "phone_wpp": false,
    "socials": false
  },
  "categories_list": {
    "featured": [
      "/combos?Combos",
      "/extensao-de-cilios?Extensão de Cílios",
      "/labios?Lábios",
      "/lash-lifting?Lash Lifting",
      "/sobrancelhas?Sobrancelhas"
    ],
    "random": 11,
    "full_width": true
  },
  "desktop_megamenu": false,
  "search_input": true,
  "alphabetical_order_submenu": true,
  "full_width_submenu": false,
  "popup": ""
}