{
  "meta_title": "Lima Lash Store",
  "meta_description": "",
  "sections": [
    {
      "type": "breadcrumbs",
      "enabled": true
    },
    {
      "type": "banner-slider",
      "autoplay": 9000,
      "full_width": true,
      "slides": [
        {
          "start": "",
          "end": "",
          "img": "/img/uploads/banner-bella-moca.jpg",
          "link": "https://www.limalashstore.com.br/bellamoca"
        },
        {
          "start": "",
          "end": "",
          "img": "/img/uploads/banner-beautify.jpg",
          "link": "https://www.limalashstore.com.br/beautify"
        },
        {
          "start": "",
          "end": "",
          "img": "/img/uploads/bannerfretegratis-jpg.jpg"
        },
        {
          "start": "",
          "end": "",
          "img": "/img/uploads/bannerclione.jpg"
        },
        {
          "start": "",
          "end": "",
          "img": "/img/uploads/banner-lashesco.jpg",
          "link": "https://www.limalashstore.com.br/lashesco"
        },
        {
          "start": "",
          "end": "",
          "img": "/img/uploads/banner-lista.jpg",
          "link": "https://chat.whatsapp.com/IUBQSXANnIH3PdDSNKcude"
        }
      ]
    },
    {
      "autoplay": 50000,
      "page": 1,
      "title": "Promo Final de Semana 04 e 05/10 ",
      "shuffle": true,
      "type": "collection-shelf",
      "link": "https://www.limalashstore.com.br/promo-final-de-semana",
      "limit": 24,
      "collection_id": "68e10b18578b5f7954c2d3c2:categories:Promo Final de semana:/promo-final-de-semana",
      "sort": "lowest_price"
    },
    {
      "autoplay": 5000,
      "page": 1,
      "title": "Combos ",
      "shuffle": true,
      "type": "collection-shelf",
      "link": "",
      "limit": 24,
      "collection_id": "674db998b779d771796f8ffd:categories:Combos:/combos",
      "sort": "lowest_price"
    },
    {
      "type": "collection-shelf",
      "shuffle": true,
      "limit": 24,
      "page": 1,
      "collection_id": "64947bdb5e606903704529a7:categories:Sobrancelhas:/sobrancelhas",
      "title": "Novidades em Sobrancelhas",
      "autoplay": 5000,
      "sort": "news"
    },
    {
      "type": "collection-shelf",
      "shuffle": false,
      "limit": 12,
      "page": 1,
      "sort": "news",
      "collection_id": "64b81c8e5e606903706abf27:categories:Lash Lifting:/lash-lifting",
      "title": "Novidades em Lash Lifting",
      "autoplay": 5000
    },
    {
      "autoplay": 5000,
      "page": 1,
      "title": "Novidades em Extensão de Cílios",
      "shuffle": false,
      "headless": false,
      "type": "collection-shelf",
      "limit": 24,
      "collection_id": "64b830a45e606903706ae412:categories:Extensão de Cílios:/extensao-de-cilios",
      "sort": "news"
    },
    {
      "autoplay": 5000,
      "page": 1,
      "title": "Outros clientes estão comprando!",
      "shuffle": false,
      "headless": false,
      "type": "collection-shelf",
      "limit": 24,
      "collection_id": null,
      "sort": "sales"
    },
    {
      "type": "collection-shelf",
      "shuffle": true,
      "limit": 12,
      "page": 1,
      "collection_id": "620bbb4c7963422eee03e872:categories:Kits Iniciante:/kits-iniciante",
      "sort": null,
      "title": "Kits Iniciantes",
      "autoplay": 5000
    },
    {
      "type": "responsive-banner",
      "img": "/img/uploads/banner-lista.jpg",
      "link": "https://chat.whatsapp.com/IUBQSXANnIH3PdDSNKcude"
    },
    {
      "type": "brands-carousel",
      "limit": 40,
      "offset": 0,
      "autoplay": 5000,
      "sort": null
    }
  ]
}